timestamp,preco
2025-07-09 22:06:26.854562,111020.43
2025-07-09 22:06:53.445020,111012.215
2025-07-09 22:07:12.467799,110975.82
2025-07-10 02:15:09.142678,111423.105
2025-07-10 02:20:59.610541,111470.295
2025-07-10 02:42:21.576703,111251.865
2025-07-10 03:35:16.584503,111071.535
2025-07-10 04:07:30.726386,111061.185
2025-07-10 04:43:46.769152,111207.055
2025-07-10 05:00:54.766955,111195.355
2025-07-10 05:29:57.505839,111054.2
2025-07-10 05:48:27.548183,111013.775
2025-07-10 05:56:42.211253,111183.255
2025-07-10 06:26:23.838137,111319.365
2025-07-10 06:52:28.568913,111308.875
2025-07-10 07:10:57.780851,111400.025
2025-07-10 07:32:09.862435,111399.395
2025-07-10 07:44:36.077491,111316.305
2025-07-10 07:52:23.429892,111264.105
2025-07-10 07:59:56.462061,111277.865
2025-07-10 08:33:37.981368,111319.115
2025-07-10 08:54:02.609961,111348.055
2025-07-10 09:14:10.241039,111179.325
2025-07-10 09:37:15.297217,111194.16
2025-07-10 09:50:07.752478,111130.645
2025-07-10 09:58:15.448905,111109.535
2025-07-10 10:23:09.115282,111074.645
2025-07-10 10:44:18.394555,110980.565
2025-07-10 10:55:24.681823,111071.965
2025-07-10 11:13:06.267931,111161.395
2025-07-10 11:29:27.854490,111201.275
2025-07-10 11:41:35.552561,111087.905
2025-07-10 11:49:14.817558,111106.445
2025-07-10 11:56:56.973672,111049.995
2025-07-10 12:36:58.799752,110886.085
2025-07-10 13:19:57.936449,110994.79
2025-07-10 13:48:50.990489,110750.03
2025-07-10 13:58:46.232428,110793.08
2025-07-10 14:22:59.050497,111172.665
2025-07-10 14:44:10.455247,111139.225
2025-07-10 14:56:12.799293,111228.69
2025-07-10 15:17:28.403977,111213.495
2025-07-10 15:40:33.928987,111326.21
2025-07-10 15:53:17.895676,111350.825
2025-07-10 16:11:19.078290,111476.945
2025-07-10 16:43:48.324634,112748.065
2025-07-10 17:00:18.599506,112727.685
2025-07-10 17:25:00.995139,113461.775
2025-07-10 17:42:10.277530,113730.485
2025-07-10 17:52:13.740232,113704.62
2025-07-10 18:00:00.390943,113855.985
2025-07-10 18:35:32.874797,113273.575
2025-07-10 18:54:47.568453,113383.885
2025-07-10 19:10:13.310239,113685.345
2025-07-10 19:26:02.372210,113514.905
2025-07-10 19:36:30.795739,113292.38
2025-07-10 19:44:36.894509,113385.605
2025-07-10 19:52:42.613133,113302.155
2025-07-10 20:00:32.061155,113391.55
2025-07-10 20:29:29.393037,113568.355
2025-07-10 20:45:16.912251,113631.485
2025-07-10 20:54:41.536725,113632.455
2025-07-10 21:12:26.735240,113736.405
2025-07-10 21:32:02.548732,116327.905
2025-07-10 21:44:49.875799,116326.995
2025-07-10 21:52:38.483678,116411.52
2025-07-10 22:00:27.460834,116417.795
2025-07-10 22:25:15.489314,115944.875
2025-07-10 22:42:16.282986,115805.955
2025-07-10 22:52:19.627326,116129.065
2025-07-10 23:00:04.647144,116029.89
2025-07-10 23:24:18.841464,115810.71
2025-07-10 23:38:00.153494,115674.035
2025-07-10 23:47:25.404842,115744.005
2025-07-10 23:55:09.217098,116008.545
2025-07-11 01:07:25.339408,115637.535
2025-07-11 03:02:29.878151,116590.535
2025-07-11 04:01:55.900218,116765.745
2025-07-11 04:42:55.026976,116576.025
2025-07-11 05:01:28.402277,116962.495
2025-07-11 05:30:54.461605,117626.49
2025-07-11 05:48:26.503777,118330.305
2025-07-11 05:56:24.075073,118019.75
2025-07-11 06:25:02.062935,118288.995
2025-07-11 06:51:08.780182,117846.045
2025-07-11 07:01:52.382078,117589.935
2025-07-11 07:28:46.797153,117930.51
2025-07-11 07:44:34.696833,117960.365
2025-07-11 07:53:22.488874,117810.705
2025-07-11 08:13:16.762257,117788.755
2025-07-11 08:42:44.517156,117959.19
2025-07-11 08:57:56.611946,118007.615
2025-07-11 09:21:51.405812,118259.985
2025-07-11 09:39:59.966083,118743.575
2025-07-11 09:51:23.211499,118672.525
2025-07-11 09:59:04.524962,118515.545
2025-07-11 10:24:57.570440,118233.555
2025-07-11 10:44:35.384199,118142.365
2025-07-11 10:54:58.317087,118170.66
2025-07-11 11:12:14.068614,117930.23
2025-07-11 11:29:04.490707,117677.12
2025-07-11 11:41:11.300183,117782.32
2025-07-11 11:49:09.697892,117730.57
2025-07-11 11:57:04.700493,117940.005
2025-07-11 13:18:15.359803,117786.935
2025-07-11 13:45:49.158521,117408.13
2025-07-11 13:56:47.752647,118033.385
2025-07-11 14:17:27.784551,117914.735
2025-07-11 14:40:22.038853,118018.985
2025-07-11 14:52:37.410886,117804.355
2025-07-11 15:00:21.107070,117875.88
2025-07-11 15:28:26.033279,117748.18
2025-07-11 15:43:54.003746,117529.395
2025-07-11 15:53:31.094640,117081.505
2025-07-11 16:11:32.524615,116728.125
2025-07-11 16:41:05.304135,117432.395
2025-07-11 16:57:01.134296,117469.625
2025-07-11 17:16:45.026998,117561.785
2025-07-11 17:36:33.660005,117494.925
2025-07-11 17:48:20.267385,117530.86
2025-07-11 17:56:01.272760,117680.995
2025-07-11 18:21:13.360966,117551.725
2025-07-11 18:47:03.221181,117723.345
2025-07-11 18:58:59.490185,117724.355
2025-07-11 19:18:41.840874,117963.315
2025-07-11 19:31:44.074173,117872.555
2025-07-11 19:42:58.660152,117996.885
2025-07-11 19:50:43.934636,117938.895
2025-07-11 19:58:23.981371,118085.24
2025-07-11 20:23:36.167542,117983.055
2025-07-11 20:40:19.894730,117917.215
2025-07-11 20:51:49.891380,117925.515
2025-07-11 20:59:37.497755,117753.245
2025-07-11 21:22:55.237858,117853.275
2025-07-11 21:37:07.393061,117811.655
2025-07-11 21:45:30.426067,117534.495
2025-07-11 21:53:19.120656,117699.785
2025-07-11 22:08:48.313949,117658.795
2025-07-11 22:33:48.308167,117299.075
2025-07-11 22:48:15.079095,117463.815
2025-07-11 22:56:26.194315,117646.905
2025-07-11 23:16:05.078759,117691.955
2025-07-11 23:32:49.978828,117644.195
2025-07-11 23:44:54.645953,117631.875
2025-07-11 23:52:48.161142,117584.005
2025-07-12 00:00:27.977624,117582.165
2025-07-12 02:11:15.254908,117698.065
2025-07-12 03:37:47.788087,117814.215
2025-07-12 04:08:06.446172,117810.445
2025-07-12 04:41:57.775588,117795.875
2025-07-12 04:57:17.124280,117703.895
2025-07-12 05:18:52.234001,117643.065
2025-07-12 05:40:01.321595,117752.125
2025-07-12 05:51:09.364352,117724.615
2025-07-12 05:58:52.407954,117746.25
2025-07-12 06:31:15.690633,117967.055
2025-07-12 06:53:16.602071,117972.865
2025-07-12 07:09:29.317198,117950.935
2025-07-12 07:28:52.534304,118006.035
2025-07-12 07:41:18.887851,117810.705
2025-07-12 07:49:02.983699,117739.235
2025-07-12 07:56:43.878016,117718.595
2025-07-12 08:20:37.536366,117922.145
2025-07-12 08:41:54.648215,117845.805
2025-07-12 08:54:38.235519,117841.905
2025-07-12 09:12:02.387693,117955.825
2025-07-12 09:31:17.687217,118017.83
2025-07-12 09:43:53.910256,118067.735
2025-07-12 09:51:33.850930,118108.215
2025-07-12 09:59:26.792058,118193.615
2025-07-12 10:23:25.838185,118113.145
2025-07-12 10:41:18.117546,118150.035
2025-07-12 10:51:48.370972,118083.46
2025-07-12 10:59:37.806460,118130.505
2025-07-12 11:19:53.936001,118005.915
2025-07-12 11:31:22.384376,118051.38
2025-07-12 11:41:58.741703,118005.925
2025-07-12 11:49:48.398306,117805.855
2025-07-12 11:57:31.246222,117814.095
2025-07-12 12:35:49.017958,117630.2
2025-07-12 13:07:50.112568,117575.015
2025-07-12 13:36:24.240401,117375.465
2025-07-12 13:49:07.461809,117405.885
2025-07-12 13:56:44.403947,117512.86
2025-07-12 14:15:04.875839,117624.025
2025-07-12 14:34:20.548683,117592.4
2025-07-12 14:46:39.824571,117496.61
2025-07-12 14:54:15.796249,117411.995
2025-07-12 15:10:42.434968,117385.345
2025-07-12 15:31:23.233590,117434.835
2025-07-12 15:45:06.630052,117006.635
2025-07-12 15:53:47.244674,116986.045
2025-07-12 16:11:06.233242,117274.425
2025-07-12 16:37:23.146855,117384.005
2025-07-12 16:52:08.084930,117250.175
2025-07-12 16:59:45.756202,117226.82
2025-07-12 17:19:59.076232,117406.825
2025-07-12 17:35:23.353433,117493.365
2025-07-12 17:46:14.130821,117472.545
2025-07-12 17:54:01.146227,117468.735
2025-07-12 18:13:46.100188,117502.645
2025-07-12 18:42:07.984660,117441.905
2025-07-12 18:55:08.586370,117437.695
2025-07-12 19:09:56.432950,117655.495
2025-07-12 19:24:24.956767,117630.435
2025-07-12 19:33:09.190009,117501.305
2025-07-12 19:41:51.041488,117608.985
2025-07-12 19:49:43.046522,117634.395
2025-07-12 19:57:14.688485,117574.575
2025-07-12 20:18:54.250414,117480.015
2025-07-12 20:36:12.625071,117415.495
2025-07-12 20:47:51.482567,117388.58
2025-07-12 20:55:36.528946,117194.875
2025-07-12 21:12:49.766830,117295.515
2025-07-12 21:29:43.869538,117400.315
2025-07-12 21:41:22.864828,117498.645
2025-07-12 21:49:16.065047,117480.515
2025-07-12 21:57:07.714728,117498.785
2025-07-12 22:16:48.800289,117463.665
2025-07-12 22:37:11.027093,117501.855
2025-07-12 22:49:04.968032,117425.125
2025-07-12 22:57:05.281824,117428.695
2025-07-12 23:18:04.032504,117387.015
2025-07-12 23:35:19.367026,117357.81
2025-07-12 23:47:53.903169,117375.6
2025-07-12 23:55:38.840623,117448.395
2025-07-13 01:19:31.656844,117348.025
2025-07-13 03:13:59.566556,117650.825
2025-07-13 04:07:59.813341,117724.435
2025-07-13 04:46:43.584361,117880.785
2025-07-13 05:01:44.273841,117913.545
2025-07-13 05:29:24.735781,117881.455
2025-07-13 05:46:17.942041,117798.255
2025-07-13 05:54:22.207883,117748.055
2025-07-13 06:16:46.332741,117843.315
2025-07-13 06:45:44.261735,117998.575
2025-07-13 07:00:28.987082,117930.005
2025-07-13 07:26:34.405515,118038.985
2025-07-13 07:39:39.913123,118005.255
2025-07-13 07:48:02.056914,118003.745
2025-07-13 07:55:45.345455,117949.275
2025-07-13 08:17:56.404303,117925.58
2025-07-13 08:40:57.866842,117851.645
2025-07-13 08:54:55.498453,117841.875
2025-07-13 09:13:55.479934,117912.685
2025-07-13 09:34:02.789718,117828.365
2025-07-13 09:46:30.391587,117844.135
2025-07-13 09:54:18.575548,117800.635
2025-07-13 10:11:44.882177,117885.75
2025-07-13 10:37:23.170658,117831.375
2025-07-13 10:50:15.906125,117832.995
2025-07-13 10:57:58.563137,117794.245
2025-07-13 11:16:03.066018,117976.015
2025-07-13 11:30:13.271090,118109.895
2025-07-13 11:42:59.312344,118045.85
2025-07-13 11:50:29.553681,118025.195
2025-07-13 11:58:01.676063,118080.18
2025-07-13 12:38:22.502571,118115.345
2025-07-13 13:14:58.346437,118245.975
2025-07-13 13:40:38.218229,118609.805
2025-07-13 13:51:15.523375,118768.465
2025-07-13 13:58:48.469842,118674.885
2025-07-13 14:19:14.371103,119085.115
2025-07-13 14:37:13.462525,119006.885
2025-07-13 14:46:59.954587,118885.985
2025-07-13 14:54:36.662572,118666.885
2025-07-13 15:11:10.343728,119016.465
2025-07-13 15:30:51.944053,118914.155
2025-07-13 15:43:18.340262,118749.03
2025-07-13 15:50:57.073178,118723.145
2025-07-13 15:58:22.235681,118750.735
2025-07-13 16:24:38.730540,118911.765
2025-07-13 16:44:24.563213,118888.515
2025-07-13 16:55:18.536595,118634.535
2025-07-13 17:11:17.110969,118688.965
2025-07-13 17:30:50.274359,118741.56
2025-07-13 17:45:22.724824,118801.7
2025-07-13 17:53:37.436933,118892.25
2025-07-13 18:12:29.360173,118823.235
2025-07-13 18:41:31.889728,118927.795
2025-07-13 18:54:17.272651,119042.755
2025-07-13 19:08:32.880588,119030.035
2025-07-13 19:24:18.244127,119200.095
2025-07-13 19:34:14.357884,119437.795
2025-07-13 19:42:32.377773,119106.055
2025-07-13 19:50:03.769466,119098.795
2025-07-13 19:57:50.328195,119114.15
2025-07-13 20:20:12.125808,119187.42
2025-07-13 20:36:56.544074,119292.495
2025-07-13 20:47:26.293898,119071.305
2025-07-13 20:55:08.952962,119199.715
2025-07-13 21:11:58.993899,118958.575
2025-07-13 21:29:16.872575,119002.885
2025-07-13 21:40:51.239832,118625.325
2025-07-13 21:48:28.381759,118829.195
2025-07-13 21:56:24.165152,118840.385
2025-07-13 22:15:17.749817,118460.715
2025-07-13 22:36:40.029672,118676.185
2025-07-13 22:48:45.395084,118833.505
2025-07-13 22:56:40.961103,118684.645
2025-07-13 23:17:00.791416,118679.365
2025-07-13 23:34:01.033309,118743.745
2025-07-13 23:46:57.533835,118785.625
2025-07-13 23:54:47.066945,119213.295
2025-07-14 01:05:34.646326,119199.745
2025-07-14 03:07:03.227020,119851.405
2025-07-14 04:08:19.986936,120807.785
2025-07-14 04:50:58.799021,121289.065
2025-07-14 05:15:25.952651,121495.245
2025-07-14 05:43:52.486942,122249.29
2025-07-14 05:55:46.275266,122320.705
2025-07-14 06:24:18.855071,122454.77
2025-07-14 06:52:51.957258,122109.385
2025-07-14 07:13:44.309668,122320.835
2025-07-14 07:35:09.057652,122587.115
2025-07-14 07:48:14.763981,122772.665
2025-07-14 07:56:09.680738,122884.195
2025-07-14 08:24:00.580032,122329.635
2025-07-14 08:51:37.420147,122700.04
2025-07-14 09:15:42.024254,122307.655
2025-07-14 09:43:39.849167,122050.025
2025-07-14 09:56:18.340003,122000.71
2025-07-14 10:18:06.264821,121774.125
2025-07-14 10:44:08.969777,122059.495
2025-07-14 10:56:11.200561,121947.575
2025-07-14 11:14:28.164449,121721.215
2025-07-14 11:31:00.533523,121516.845
2025-07-14 11:44:01.739303,121540.2
2025-07-14 11:51:55.744770,121549.06
2025-07-14 11:59:20.258872,121499.505
2025-07-14 12:51:06.812987,121846.305
2025-07-14 13:27:44.748208,121727.405
2025-07-14 13:53:51.433706,122057.225
2025-07-14 14:12:40.594726,121838.125
2025-07-14 14:38:02.638895,120959.18
2025-07-14 14:52:49.690224,120843.76
2025-07-14 15:00:34.560300,121140.87
2025-07-14 15:30:12.494377,120383.445
2025-07-14 15:47:04.540989,120062.225
2025-07-14 15:57:13.968148,119781.09
2025-07-14 16:24:35.374553,119736.185
2025-07-14 16:48:47.388072,119967.565
2025-07-14 17:01:15.612491,120274.145
2025-07-14 17:26:55.963615,120171.6
2025-07-14 17:44:02.632151,119943.005
2025-07-14 17:53:12.170490,119799.755
2025-07-14 18:13:31.005459,119780.845
2025-07-14 18:47:49.126000,119799.995
2025-07-14 19:01:42.629780,119737.455
2025-07-14 19:21:47.471001,119751.375
2025-07-14 19:33:41.473317,120062.31
2025-07-14 19:43:39.149906,119750.945
2025-07-14 19:51:31.080150,119709.575
2025-07-14 19:59:06.215664,119807.785
2025-07-14 20:26:44.599387,119922.755
2025-07-14 20:43:42.983935,120261.49
2025-07-14 20:53:32.652726,120258.775
2025-07-14 21:09:33.644285,120047.08
2025-07-14 21:30:15.161256,120014.635
2025-07-14 21:42:11.097262,120068.06
2025-07-14 21:50:11.195313,120073.955
2025-07-14 21:58:10.875248,120206.555
2025-07-14 22:20:10.318329,120220.32
2025-07-14 22:42:51.513151,120202.935
2025-07-14 22:54:04.960326,120125.9
2025-07-14 23:11:07.978253,119961.705
2025-07-14 23:30:11.793838,119823.095
2025-07-14 23:43:35.781916,119853.765
2025-07-14 23:51:35.884353,119808.455
2025-07-14 23:59:20.787162,119895.695
2025-07-15 02:04:34.840978,118823.995
2025-07-15 03:42:26.516885,117007.435
2025-07-15 04:25:42.883155,117316.255
2025-07-15 04:56:07.673515,117412.465
2025-07-15 05:20:50.884044,117524.345
2025-07-15 05:44:30.754626,117174.97
2025-07-15 05:56:36.804897,117311.285
2025-07-15 06:26:24.038172,117112.865
2025-07-15 06:53:59.171642,116936.825
2025-07-15 07:14:42.530781,117034.78
2025-07-15 07:35:36.046929,116809.57
2025-07-15 07:47:44.046764,116681.105
2025-07-15 07:55:36.328535,116831.78
2025-07-15 08:20:34.838330,116607.195
2025-07-15 08:47:02.442078,116754.055
2025-07-15 09:15:52.753234,117133.385
2025-07-15 09:43:35.908871,116877.135
2025-07-15 09:56:23.125697,116857.895
2025-07-15 10:17:45.875692,116799.995
2025-07-15 10:43:36.565311,117095.605
2025-07-15 10:56:06.826946,117022.545
2025-07-15 11:14:25.744640,116798.115
2025-07-15 11:30:53.323224,116533.775
2025-07-15 11:44:09.877488,116674.015
2025-07-15 11:52:06.855504,116770.505
2025-07-15 11:59:57.279217,117143.665
2025-07-15 12:54:16.454811,117125.195
2025-07-15 13:30:40.597998,117733.94
2025-07-15 13:55:56.752355,118274.81
2025-07-15 14:15:00.175181,118408.995
2025-07-15 14:39:29.352199,116999.995
2025-07-15 14:53:05.157045,116209.275
2025-07-15 15:08:37.062598,116199.995
2025-07-15 15:32:40.611456,116108.995
2025-07-15 15:47:33.801468,116378.08
2025-07-15 15:57:23.541921,116468.635
2025-07-15 16:24:41.723246,116879.795
2025-07-15 16:49:15.636704,117542.75
2025-07-15 17:00:29.152434,117161.905
2025-07-15 17:24:43.811655,117455.665
2025-07-15 17:42:18.309625,117286.275
2025-07-15 17:52:21.175164,117347.175
2025-07-15 17:59:57.394158,117371.94
2025-07-15 18:37:53.271208,116152.525
2025-07-15 18:57:56.794111,116747.825
2025-07-15 19:17:26.817901,116910.655
2025-07-15 19:32:03.719666,116835.355
2025-07-15 19:43:47.909555,116527.155
2025-07-15 19:51:37.152957,116396.395
2025-07-15 19:59:19.431012,116478.915
2025-07-15 20:27:11.726381,116518.92
2025-07-15 20:44:39.543992,116570.455
2025-07-15 20:55:17.353400,116581.82
2025-07-15 21:12:40.533121,116692.895
2025-07-15 21:31:17.178091,117133.245
2025-07-15 21:44:15.624759,117481.515
2025-07-15 21:52:21.650531,117528.085
2025-07-15 21:59:46.549546,117562.625
2025-07-15 22:25:12.198509,117566.655
2025-07-15 22:43:42.115369,117654.6
2025-07-15 22:54:02.293823,117857.725
2025-07-15 23:10:17.130206,117977.795
2025-07-15 23:30:05.630247,117596.325
2025-07-15 23:44:23.952785,117793.625
2025-07-15 23:53:59.562274,117666.175
2025-07-16 00:55:27.904905,118104.72
2025-07-16 02:52:22.924576,117319.415
2025-07-16 03:51:46.359220,117437.305
2025-07-16 04:27:17.433307,117534.205
2025-07-16 04:57:23.529918,117581.185
2025-07-16 05:24:24.944602,117900.015
2025-07-16 05:47:38.299911,118014.58
2025-07-16 05:57:29.217357,117916.755
2025-07-16 06:29:45.349327,118052.515
2025-07-16 06:55:29.182641,118264.415
2025-07-16 07:17:05.381651,118127.495
2025-07-16 07:36:56.913195,118323.975
2025-07-16 07:49:13.255883,118219.475
2025-07-16 07:57:06.524274,118212.425
2025-07-16 08:25:22.322385,118242.335
2025-07-16 08:49:42.139918,118755.455
2025-07-16 09:12:52.161839,118987.215
2025-07-16 09:40:11.448052,118986.805
2025-07-16 09:54:02.121179,119198.995
2025-07-16 10:12:25.007533,119232.775
2025-07-16 10:41:49.269893,118929.825
2025-07-16 10:54:54.089988,118823.325
2025-07-16 11:11:57.659866,118867.435
2025-07-16 11:29:49.739869,118926.905
2025-07-16 11:42:58.654176,118886.275
2025-07-16 11:51:08.365291,118924.855
2025-07-16 11:58:58.785894,118772.545
2025-07-16 12:50:18.882615,118936.005
2025-07-16 13:28:41.749069,118843.345
2025-07-16 13:55:19.518508,118398.255
2025-07-16 14:13:39.776362,118527.505
2025-07-16 14:38:09.473921,118447.145
2025-07-16 14:52:38.933012,119026.265
2025-07-16 15:00:09.560096,119079.925
2025-07-16 15:29:32.881752,119564.595
2025-07-16 15:46:33.695305,119043.19
2025-07-16 15:57:29.309574,119158.765
2025-07-16 16:25:46.674168,119253.005
2025-07-16 16:50:50.839453,119145.12
2025-07-16 17:10:42.615450,119299.545
2025-07-16 17:36:20.196818,119726.815
2025-07-16 17:51:07.457085,119273.495
2025-07-16 17:59:00.583104,119120.68
2025-07-16 18:34:12.855934,119550.395
2025-07-16 18:56:20.383134,119710.805
2025-07-16 19:14:45.850889,119226.125
2025-07-16 19:29:53.414986,119258.165
2025-07-16 19:41:31.184861,119010.385
2025-07-16 19:49:22.243429,119165.405
2025-07-16 19:57:10.849860,119199.465
2025-07-16 20:20:43.704700,119351.7
2025-07-16 20:41:05.130211,119782.54
2025-07-16 20:53:37.149324,119803.28
2025-07-16 21:09:57.620466,120031.54
2025-07-16 21:31:09.800602,119981.705
2025-07-16 21:44:48.581512,119491.36
2025-07-16 21:54:14.841794,119572.705
2025-07-16 22:11:53.998662,119332.215
2025-07-16 22:35:57.883884,119180.49
2025-07-16 22:51:16.283233,118746.345
2025-07-16 22:59:14.753508,118708.295
2025-07-16 23:23:15.441576,118681.01
2025-07-16 23:38:10.674841,118810.4
2025-07-16 23:48:43.022688,118848.975
2025-07-16 23:56:26.784354,118696.195
2025-07-17 01:22:22.629501,118743.575
2025-07-17 03:08:46.551643,118216.395
2025-07-17 04:04:05.494481,118135.875
2025-07-17 04:46:38.242567,118431.005
2025-07-17 05:12:47.416144,118394.465
2025-07-17 05:42:00.992665,118388.165
2025-07-17 05:54:33.180713,118659.98
2025-07-17 06:18:53.066671,118469.295
2025-07-17 06:50:03.548659,118512.33
2025-07-17 07:11:47.789316,118058.785
2025-07-17 07:33:30.182705,118195.075
2025-07-17 07:46:03.781549,118581.835
2025-07-17 07:54:03.643797,118391.455
2025-07-17 08:15:48.356455,118177.025
2025-07-17 08:45:24.558152,118464.935
2025-07-17 09:00:52.041756,118354.445
2025-07-17 09:32:30.539597,119114.705
2025-07-17 09:49:01.705853,119051.165
2025-07-17 09:57:20.072182,118955.905
2025-07-17 10:23:20.713001,118650.345
2025-07-17 10:45:00.492921,118344.395
2025-07-17 10:56:34.665138,118343.755
2025-07-17 11:15:18.835123,118275.155
2025-07-17 11:32:03.506905,118185.005
2025-07-17 11:45:18.259063,118192.37
2025-07-17 11:53:12.309659,118111.125
2025-07-17 12:17:49.089202,117870.005
2025-07-17 13:06:01.266280,118054.57
2025-07-17 13:46:58.120143,117660.305
2025-07-17 13:59:02.890762,118466.215
2025-07-17 14:22:06.148707,118408.96
2025-07-17 14:43:14.315606,118715.37
2025-07-17 14:55:15.729686,118826.495
2025-07-17 15:15:10.821741,118517.195
2025-07-17 15:38:45.048589,118780.095
2025-07-17 15:52:31.663961,118921.435
2025-07-17 16:00:07.687986,118906.955
2025-07-17 16:33:39.573771,118441.935
2025-07-17 16:54:01.225703,118522.505
2025-07-17 17:11:37.863418,118949.965
2025-07-17 17:34:43.431897,118775.235
2025-07-17 17:48:59.718250,119117.345
2025-07-17 18:24:22.878104,119678.895
2025-07-17 18:51:32.961958,119653.615
2025-07-17 19:08:41.199975,119836.995
2025-07-17 19:27:30.711277,119759.355
2025-07-17 19:39:17.102994,119599.965
2025-07-17 19:47:47.308628,119380.535
2025-07-17 19:55:21.221642,119156.175
2025-07-17 20:15:27.286580,118877.145
2025-07-17 20:37:43.751967,119285.765
2025-07-17 20:51:24.188589,119197.015
2025-07-17 20:59:12.069434,119240.735
2025-07-17 21:22:30.239958,120827.0
2025-07-17 21:37:51.237051,120241.005
2025-07-17 21:48:00.737216,120564.115
2025-07-17 21:55:44.300528,120525.84
2025-07-17 22:14:58.862112,120480.005
2025-07-17 22:39:09.094150,120214.015
2025-07-17 22:52:05.644960,119946.325
2025-07-17 22:59:33.925022,119829.585
2025-07-17 23:24:43.158994,119553.095
2025-07-17 23:39:25.814897,119571.555
2025-07-17 23:49:40.076982,119507.345
2025-07-17 23:57:25.760977,119295.005
2025-07-18 01:42:26.720221,120568.255
2025-07-18 03:21:01.031178,120238.995
2025-07-18 04:09:54.348431,120013.205
2025-07-18 04:51:55.211642,120529.995
2025-07-18 05:15:56.327814,120699.255
2025-07-18 05:45:05.778357,120387.865
2025-07-18 05:57:06.631266,120611.065
2025-07-18 06:27:54.270659,120339.025
2025-07-18 06:56:14.820371,120414.625
2025-07-18 07:19:21.077924,120040.895
2025-07-18 07:38:58.925469,119831.21
2025-07-18 07:52:31.241649,119677.19
2025-07-18 08:00:14.077075,119441.14
2025-07-18 08:35:18.872327,118893.805
2025-07-18 08:56:33.768226,118615.375
2025-07-18 09:20:59.993160,118834.7
2025-07-18 09:42:57.004833,118952.04
2025-07-18 09:54:43.332353,118928.295
2025-07-18 10:14:22.250607,118725.925
2025-07-18 10:42:11.771853,118883.395
2025-07-18 10:55:48.349505,119200.02
2025-07-18 11:13:41.088683,119070.305
2025-07-18 11:30:13.612817,118958.885
2025-07-18 11:45:41.973940,119158.255
2025-07-18 11:53:59.285070,119120.185
2025-07-18 12:21:36.462051,119359.93
2025-07-18 13:07:47.792308,119063.485
2025-07-18 13:47:53.549879,118901.91
2025-07-18 14:00:01.543021,118813.485
2025-07-18 14:26:00.846680,117902.775
2025-07-18 14:44:57.891544,117783.525
2025-07-18 14:56:39.738492,118279.53
2025-07-18 15:17:57.717523,117900.555
2025-07-18 15:39:15.293462,117864.145
2025-07-18 15:54:20.257687,117927.045
2025-07-18 16:16:25.579263,117624.92
2025-07-18 16:46:06.465469,117948.235
2025-07-18 17:01:50.210499,117677.32
2025-07-18 17:28:22.398292,117977.025
2025-07-18 17:45:46.663439,117709.35
2025-07-18 17:56:43.565642,117595.515
2025-07-18 18:24:13.717353,117550.425
2025-07-18 18:50:00.862674,117628.065
2025-07-18 19:01:22.668092,117383.215
2025-07-18 19:23:14.367617,117768.865
2025-07-18 19:33:45.451704,117744.315
2025-07-18 19:43:59.940835,117615.775
2025-07-18 19:53:21.241312,117448.545
2025-07-18 20:10:40.905810,117234.06
2025-07-18 20:34:08.110543,116980.74
2025-07-18 20:48:14.848340,117359.58
2025-07-18 20:56:49.120980,117531.42
2025-07-18 21:16:59.434562,117872.475
2025-07-18 21:34:09.148470,117888.28
2025-07-18 21:45:53.034381,117886.555
2025-07-18 21:53:37.810351,117750.965
2025-07-18 22:10:05.017578,117534.635
2025-07-18 22:34:58.428121,117893.365
2025-07-18 22:50:48.963648,117800.735
2025-07-18 22:58:29.961748,117762.185
2025-07-18 23:20:49.180652,117930.385
2025-07-18 23:36:35.661595,117971.98
2025-07-18 23:47:36.982469,117972.515
2025-07-18 23:55:13.962172,117985.855
2025-07-19 01:07:38.300296,117705.405
2025-07-19 02:58:13.054300,118299.835
2025-07-19 03:52:53.238609,118343.535
2025-07-19 04:20:24.587363,118367.485
2025-07-19 04:47:49.780883,118239.03
2025-07-19 05:02:09.371267,118279.215
2025-07-19 05:30:07.842319,118238.395
2025-07-19 05:47:12.470590,118323.285
2025-07-19 05:55:27.431708,118310.155
2025-07-19 06:20:14.729506,118273.745
2025-07-19 06:47:24.790690,118244.535
2025-07-19 06:59:12.223022,118265.835
2025-07-19 07:21:29.400469,118393.295
2025-07-19 07:34:48.591083,118316.925
2025-07-19 07:44:39.997330,118268.135
2025-07-19 07:52:35.947509,118288.655
2025-07-19 08:00:10.548655,118264.235
2025-07-19 08:32:20.069880,118119.915
2025-07-19 08:51:04.700872,118125.725
2025-07-19 08:59:29.067645,118214.54
2025-07-19 09:24:31.207910,118277.855
2025-07-19 09:38:49.645226,118351.245
2025-07-19 09:48:13.164012,118388.875
2025-07-19 09:55:44.565773,118290.715
2025-07-19 10:14:46.328904,118311.825
2025-07-19 10:39:58.641676,118393.985
2025-07-19 10:52:20.299898,118454.805
2025-07-19 11:00:10.125159,118492.415
2025-07-19 11:21:11.955590,118442.175
2025-07-19 11:32:03.200240,118520.655
2025-07-19 11:42:34.226986,118501.845
2025-07-19 11:50:31.947294,118434.165
2025-07-19 11:58:17.485284,118396.625
2025-07-19 12:40:15.576687,118244.785
2025-07-19 13:17:09.484929,118332.585
2025-07-19 13:42:35.532704,118338.885
2025-07-19 13:54:34.872115,118201.495
2025-07-19 14:10:43.458334,118176.16
2025-07-19 14:32:40.523171,117980.345
2025-07-19 14:46:21.808061,117952.45
2025-07-19 14:54:05.346479,117833.91
2025-07-19 15:10:18.699886,117973.485
2025-07-19 15:31:30.434289,118290.315
2025-07-19 15:44:34.889804,118270.945
2025-07-19 15:55:06.778040,118156.495
2025-07-19 16:15:07.670562,117966.565
2025-07-19 16:43:00.269674,118077.835
2025-07-19 16:56:23.507747,118107.895
2025-07-19 17:15:27.591740,117946.275
2025-07-19 17:35:47.726670,117850.465
2025-07-19 17:47:55.782885,117877.445
2025-07-19 17:55:41.723917,117875.335
2025-07-19 18:19:24.675671,117972.915
2025-07-19 18:45:39.854504,118058.13
2025-07-19 18:58:02.526518,117940.12
2025-07-19 19:15:36.911324,117795.895
2025-07-19 19:28:10.952358,117928.255
2025-07-19 19:38:01.101349,118052.08
2025-07-19 19:45:54.123763,118158.14
2025-07-19 19:53:44.870049,118054.255
2025-07-19 20:10:45.372623,118132.695
2025-07-19 20:33:01.934417,118038.135
2025-07-19 20:46:25.916369,118017.135
2025-07-19 20:56:06.708346,118054.885
2025-07-19 21:13:52.727742,117712.94
2025-07-19 21:31:20.950148,117580.805
2025-07-19 21:43:54.161387,117584.355
2025-07-19 21:51:29.572808,117692.11
2025-07-19 21:59:12.031427,117791.575
2025-07-19 22:22:16.104137,117763.735
2025-07-19 22:40:45.525919,117814.21
2025-07-19 22:51:53.062164,117902.665
2025-07-19 22:59:28.454132,117860.575
2025-07-19 23:25:37.345964,117851.415
2025-07-19 23:42:03.724755,117879.57
2025-07-19 23:53:05.060437,117927.675
2025-07-20 00:51:39.836712,117903.535
2025-07-20 02:58:11.622585,118040.045
2025-07-20 04:05:00.829963,117998.005
2025-07-20 04:50:05.806286,118023.605
2025-07-20 05:14:25.178938,117942.885
2025-07-20 05:42:20.540626,117939.245
2025-07-20 05:54:13.025155,117935.455
2025-07-20 06:16:03.706919,117839.02
2025-07-20 06:45:50.059941,117912.365
2025-07-20 06:58:43.197542,117889.525
2025-07-20 07:20:09.088601,117969.02
2025-07-20 07:33:46.440813,118157.18
2025-07-20 07:44:23.066256,118183.605
2025-07-20 07:53:11.266631,118103.805
2025-07-20 08:11:18.222036,118283.66
2025-07-20 08:37:30.425056,118216.085
2025-07-20 08:53:57.443560,118215.665
2025-07-20 09:10:28.271361,118123.025
2025-07-20 09:31:57.551466,118116.45
2025-07-20 09:44:59.754964,118139.245
2025-07-20 09:52:33.048828,118066.205
2025-07-20 10:00:28.160310,117981.365
2025-07-20 10:28:51.614644,118043.645
2025-07-20 10:47:09.292280,117964.605
2025-07-20 10:55:53.602997,117943.065
2025-07-20 11:12:37.221593,117916.08
2025-07-20 11:27:59.828566,117901.165
2025-07-20 11:38:46.543125,117947.055
2025-07-20 11:46:34.431922,117998.385
2025-07-20 11:54:13.959158,117972.355
2025-07-20 12:20:41.693700,117979.085
2025-07-20 13:03:12.771111,118196.095
2025-07-20 13:37:31.900501,118179.675
2025-07-20 13:51:24.997528,118249.995
2025-07-20 13:59:03.211303,118382.605
2025-07-20 14:20:22.047882,118702.125
2025-07-20 14:38:55.899496,118626.925
2025-07-20 14:49:26.700238,118590.415
2025-07-20 14:57:02.658786,118555.865
2025-07-20 15:17:42.100441,118622.86
2025-07-20 15:35:20.257208,118770.405
2025-07-20 15:46:57.793738,118663.305
2025-07-20 15:55:30.983849,118758.175
2025-07-20 16:16:15.122795,118619.205
2025-07-20 16:42:17.334142,118825.005
2025-07-20 16:55:29.224209,118660.005
2025-07-20 17:11:54.639641,118336.115
2025-07-20 17:32:21.840204,118442.015
2025-07-20 17:46:46.318903,118177.875
2025-07-20 17:54:32.444002,118090.615
2025-07-20 18:15:26.306859,118237.48
2025-07-20 18:44:13.584104,118267.115
2025-07-20 18:57:20.620991,118430.175
2025-07-20 19:14:13.684312,118544.165
2025-07-20 19:27:23.268254,118579.805
2025-07-20 19:37:39.892432,118482.495
2025-07-20 19:45:19.273097,118404.325
2025-07-20 19:53:13.610471,118389.995
2025-07-20 20:09:44.559978,118079.025
2025-07-20 20:32:57.214307,118170.465
2025-07-20 20:46:33.066261,118262.625
2025-07-20 20:55:22.588798,118206.005
2025-07-20 21:12:49.138807,117966.995
2025-07-20 21:30:51.077252,118189.67
2025-07-20 21:43:33.626027,118067.755
2025-07-20 21:51:18.330134,118090.015
2025-07-20 21:58:46.458478,118065.975
2025-07-20 22:21:24.431115,117105.695
2025-07-20 22:40:41.342030,117411.745
2025-07-20 22:51:48.099599,117685.58
2025-07-20 23:01:50.355278,117504.225
2025-07-20 23:24:39.336843,117340.88
2025-07-20 23:39:37.181575,117137.885
2025-07-20 23:50:01.424597,117316.2
2025-07-21 01:47:35.318558,117037.06
2025-07-21 03:26:56.534288,118485.605
2025-07-21 04:27:45.327283,118557.045
2025-07-21 05:00:48.410258,118373.475
2025-07-21 05:34:44.016327,118318.865
2025-07-21 05:53:24.489140,118440.125
2025-07-21 06:16:01.464589,118409.075
2025-07-21 06:50:04.960529,119024.91
2025-07-21 07:15:47.536616,119401.49
2025-07-21 07:42:41.602058,119353.045
2025-07-21 07:55:09.718004,119339.945
2025-07-21 08:21:31.105615,119366.165
2025-07-21 08:50:33.653395,119149.125
2025-07-21 09:15:44.871398,118983.965
2025-07-21 09:44:25.952992,118642.2
2025-07-21 09:56:52.923756,118708.915
2025-07-21 10:20:38.072373,118760.615
2025-07-21 10:45:56.606548,118585.905
2025-07-21 10:58:35.238133,118619.75
2025-07-21 11:19:34.671881,118667.125
2025-07-21 11:34:41.004081,118633.015
2025-07-21 11:48:04.471240,118394.485
2025-07-21 11:55:52.235537,118245.395
2025-07-21 12:32:52.628348,118357.135
2025-07-21 13:22:09.005570,118262.94
2025-07-21 13:52:52.732057,119064.085
2025-07-21 14:11:27.845126,118617.165
2025-07-21 14:40:52.413378,118872.465
2025-07-21 14:55:35.712854,118870.365
2025-07-21 15:16:01.246591,118901.495
2025-07-21 15:39:58.277051,118573.645
2025-07-21 15:53:33.478714,118617.85
2025-07-21 16:12:08.435739,118035.6
2025-07-21 16:44:02.326903,117944.015
2025-07-21 16:59:59.709329,117826.94
2025-07-21 17:25:43.161877,117858.475
2025-07-21 17:44:34.453904,117470.52
2025-07-21 17:54:41.254093,117836.155
2025-07-21 18:18:50.994810,118022.325
2025-07-21 18:48:56.312453,117225.745
2025-07-21 19:01:57.147463,117183.155
2025-07-21 19:25:09.999945,117429.765
2025-07-21 19:37:33.452932,117002.835
2025-07-21 19:46:22.532053,116821.985
2025-07-21 19:54:20.875737,116946.11
2025-07-21 20:13:19.840238,116915.035
2025-07-21 20:36:23.491632,117159.315
2025-07-21 20:50:58.793647,117248.14
2025-07-21 20:58:42.261820,117002.935
2025-07-21 21:21:40.161632,117177.235
2025-07-21 21:38:08.534149,117263.565
2025-07-21 21:48:49.259823,117375.515
2025-07-21 21:56:32.736310,117335.65
2025-07-21 22:17:24.961621,117341.47
2025-07-21 22:40:40.119065,117652.725
2025-07-21 22:52:40.137653,117611.25
2025-07-21 23:00:11.451990,117404.495
2025-07-21 23:26:15.980066,117315.195
2025-07-21 23:40:19.511216,117522.615
2025-07-21 23:50:27.185525,117491.125
2025-07-21 23:58:01.048913,117477.825
2025-07-22 01:48:08.608223,117863.775
2025-07-22 03:21:27.411014,116771.165
2025-07-22 04:10:02.383254,117299.995
2025-07-22 04:50:37.284057,116809.085
2025-07-22 05:14:23.186333,117204.52
2025-07-22 05:42:46.561712,117299.605
2025-07-22 05:55:51.631277,117325.085
2025-07-22 06:23:09.752301,117701.195
2025-07-22 06:51:40.058921,117656.925
2025-07-22 07:12:55.544564,118264.495
2025-07-22 07:34:50.462722,118283.225
2025-07-22 07:47:33.270172,118189.47
2025-07-22 07:55:27.896841,118082.945
2025-07-22 08:21:01.390120,117929.795
2025-07-22 08:47:40.563011,118093.775
2025-07-22 09:02:35.797292,118222.405
2025-07-22 09:34:47.358761,118428.845
2025-07-22 09:51:16.742544,118495.525
2025-07-22 09:58:50.091629,118469.035
2025-07-22 10:26:30.137641,118484.815
2025-07-22 10:48:12.386516,118840.005
2025-07-22 10:58:14.799204,118960.625
2025-07-22 11:18:32.080992,119029.065
2025-07-22 11:33:29.558132,119070.31
2025-07-22 11:45:33.637550,119128.595
2025-07-22 11:53:10.035431,119216.145
2025-07-22 12:17:54.543109,119276.285
2025-07-22 13:07:03.624659,119516.825
2025-07-22 13:48:12.165757,119174.32
2025-07-22 14:01:26.287435,117969.3
2025-07-22 14:29:03.375411,118319.255
2025-07-22 14:48:27.886027,118802.08
2025-07-22 14:58:12.160320,119049.105
2025-07-22 15:22:34.812177,119043.87
2025-07-22 15:42:13.252365,119054.795
2025-07-22 15:54:44.955789,118995.865
2025-07-22 16:16:11.000600,119346.305
2025-07-22 16:46:40.641446,118845.335
2025-07-22 17:01:33.143978,118695.965
2025-07-22 17:28:55.224418,118715.665
2025-07-22 17:46:54.632302,119171.315
2025-07-22 17:55:54.378404,119208.005
2025-07-22 18:21:58.354966,119384.475
2025-07-22 18:50:46.489682,119446.37
2025-07-22 19:08:19.381491,119825.215
2025-07-22 19:27:37.757567,119509.995
2025-07-22 19:37:56.698412,119432.195
2025-07-22 19:45:44.187070,119312.47
2025-07-22 19:53:39.998883,119384.365
2025-07-22 20:11:57.911553,119651.615
2025-07-22 20:35:32.523259,119662.38
2025-07-22 20:50:14.876383,119759.905
2025-07-22 20:58:19.888888,119838.445
2025-07-22 21:20:38.881742,119605.435
2025-07-22 21:37:43.829462,119534.625
2025-07-22 21:48:14.280762,119561.765
2025-07-22 21:56:08.459717,119617.745
2025-07-22 22:15:34.105920,119697.835
2025-07-22 22:37:51.539142,119971.325
2025-07-22 22:51:48.082619,119979.005
2025-07-22 22:59:35.075398,119915.295
2025-07-22 23:24:38.767859,120178.965
2025-07-22 23:39:38.572308,120067.475
2025-07-22 23:50:04.613332,120039.535
2025-07-22 23:57:57.095144,119981.425
2025-07-23 01:48:05.856822,119677.115
2025-07-23 03:23:10.149592,118937.865
2025-07-23 04:11:41.191115,118737.245
2025-07-23 04:53:23.226974,118833.115
2025-07-23 05:18:59.769333,118963.78
2025-07-23 05:47:45.348080,118812.095
2025-07-23 05:59:06.082797,118676.445
2025-07-23 06:35:54.742536,118593.685
2025-07-23 06:59:04.742502,118473.41
2025-07-23 07:26:30.540316,118523.095
2025-07-23 07:44:02.185078,118537.165
2025-07-23 07:54:04.945666,118482.345
2025-07-23 08:16:16.351078,118590.295
2025-07-23 08:46:55.354190,118368.845
2025-07-23 09:02:52.981534,118500.005
2025-07-23 09:36:04.068288,118180.595
2025-07-23 09:52:34.735176,118217.905
2025-07-23 10:00:18.257870,118095.525
2025-07-23 10:29:59.130136,118316.955
2025-07-23 10:50:34.386755,118372.94
2025-07-23 10:59:01.001412,118444.995
2025-07-23 11:21:10.501128,118399.375
2025-07-23 11:36:47.826212,118620.685
2025-07-23 11:47:43.595826,118590.225
2025-07-23 11:55:51.414822,118569.755
2025-07-23 12:32:27.526636,118658.625
2025-07-23 13:22:30.265650,118023.17
2025-07-23 13:51:38.131084,117380.64
2025-07-23 14:10:48.034980,117741.84
2025-07-23 14:38:58.633644,118039.735
2025-07-23 14:56:26.299950,117990.835
2025-07-23 15:18:56.945630,117982.215
2025-07-23 15:42:17.747747,118239.765
2025-07-23 15:55:29.502947,118543.605
2025-07-23 16:18:53.355973,117885.065
2025-07-23 16:48:09.239871,117760.855
2025-07-23 17:02:56.326866,117939.34
2025-07-23 17:30:28.163923,117695.085
2025-07-23 17:48:24.934420,117970.555
2025-07-23 17:56:29.101136,118019.065
2025-07-23 18:24:52.533013,118267.475
2025-07-23 18:51:46.358436,118380.515
2025-07-23 19:08:58.235079,118492.885
2025-07-23 19:28:09.789699,118438.645
2025-07-23 19:39:53.665487,118414.72
2025-07-23 19:48:49.977392,118439.195
2025-07-23 19:56:19.295196,118392.525
2025-07-23 20:18:53.901915,118368.585
2025-07-23 20:41:13.487396,117652.595
2025-07-23 20:54:21.650793,117999.755
2025-07-23 21:12:00.535144,118017.41
2025-07-23 21:32:18.038439,117734.24
2025-07-23 21:45:37.424597,117913.85
2025-07-23 21:53:24.671608,118121.655
2025-07-23 22:09:43.253335,118276.665
2025-07-23 22:34:59.594679,118637.565
2025-07-23 22:50:01.655539,118672.175
2025-07-23 22:57:42.825349,118568.495
2025-07-23 23:20:20.852379,118716.935
2025-07-23 23:37:51.764915,118617.195
2025-07-23 23:49:14.281635,118569.825
2025-07-23 23:56:53.371933,118668.4
2025-07-24 01:27:07.456116,119043.585
2025-07-24 03:15:35.330871,119061.995
2025-07-24 04:09:03.745122,118495.795
2025-07-24 04:50:18.657089,118083.06
2025-07-24 05:15:16.244763,117676.175
2025-07-24 05:43:53.715066,117946.395
2025-07-24 05:56:19.599936,117688.405
2025-07-24 06:25:41.026908,117848.065
2025-07-24 06:54:08.220080,117487.745
2025-07-24 07:15:37.329025,118100.425
2025-07-24 07:37:11.762913,118026.555
2025-07-24 07:49:31.464329,118225.125
2025-07-24 07:56:56.615339,118423.035
2025-07-24 08:25:58.856118,118659.045
2025-07-24 08:51:14.385094,118814.955
2025-07-24 09:13:16.361131,118722.355
2025-07-24 09:39:17.944905,118530.745
2025-07-24 09:53:18.696925,118465.265
2025-07-24 10:11:02.641809,118375.695
2025-07-24 10:40:57.378771,118135.015
2025-07-24 10:55:19.957425,118390.405
2025-07-24 11:13:21.363421,118534.385
2025-07-24 11:30:40.256191,118678.625
2025-07-24 11:44:19.620714,118701.185
2025-07-24 11:52:11.609325,118732.325
2025-07-24 11:59:57.350763,118661.365
2025-07-24 12:55:09.675510,118459.705
2025-07-24 13:33:52.279003,118612.015
2025-07-24 13:57:32.218520,118341.565
2025-07-24 14:20:57.747460,118093.575
2025-07-24 14:44:39.492668,118708.185
2025-07-24 14:57:24.229382,119054.035
2025-07-24 15:19:16.783807,119232.815
2025-07-24 15:39:21.359598,118751.595
2025-07-24 15:52:03.406133,119118.625
2025-07-24 15:59:32.605672,119177.0
2025-07-24 16:29:36.017856,118792.075
2025-07-24 16:52:04.268626,118639.865
2025-07-24 17:09:43.555066,118949.715
2025-07-24 17:34:52.811927,119188.385
2025-07-24 17:49:24.462627,119291.055
2025-07-24 17:56:59.566752,119313.88
2025-07-24 18:27:22.659289,119290.155
2025-07-24 18:53:38.513304,119184.555
2025-07-24 19:10:34.885186,119309.865
2025-07-24 19:28:37.268596,119162.535
2025-07-24 19:40:34.081201,119098.385
2025-07-24 19:48:54.838882,119155.735
2025-07-24 19:56:30.801589,119180.945
2025-07-24 20:17:54.142248,118966.305
2025-07-24 20:39:01.764691,118865.015
2025-07-24 20:52:02.704600,118828.89
2025-07-24 20:59:50.251244,118774.35
2025-07-24 21:25:02.940678,118642.125
2025-07-24 21:39:06.482629,118546.79
2025-07-24 21:47:33.604954,118653.085
2025-07-24 21:55:16.542771,118651.51
2025-07-24 22:14:19.733379,118539.45
2025-07-24 22:38:30.308029,118478.205
2025-07-24 22:52:01.191784,118260.525
2025-07-24 22:59:29.576294,118387.15
2025-07-24 23:24:35.354135,118425.545
2025-07-24 23:39:27.974652,118381.335
2025-07-24 23:49:46.030465,118338.395
2025-07-24 23:57:26.526309,118389.885
2025-07-25 01:41:32.450048,117512.715
2025-07-25 03:20:38.307015,116045.49
2025-07-25 04:09:41.158279,115260.065
2025-07-25 04:50:47.555827,116041.485
2025-07-25 05:16:48.813085,115519.0
2025-07-25 05:46:45.922804,115572.025
2025-07-25 05:58:12.610849,115553.335
2025-07-25 06:33:17.103040,115284.475
2025-07-25 06:58:18.002825,115342.755
2025-07-25 07:23:41.862477,115572.385
2025-07-25 07:40:46.548845,115376.595
2025-07-25 07:50:40.624190,115200.205
2025-07-25 07:58:32.269978,115066.095
2025-07-25 08:30:11.560157,115753.605
2025-07-25 08:53:32.688623,115356.75
2025-07-25 09:13:55.104174,115126.175
2025-07-25 09:40:58.902013,115766.115
2025-07-25 09:54:36.335374,115668.245
2025-07-25 10:13:46.756686,116168.975
2025-07-25 10:42:57.418101,116417.105
2025-07-25 10:55:52.733166,116418.045
2025-07-25 11:13:56.184931,116584.695
2025-07-25 11:31:14.048043,116706.355
2025-07-25 11:44:38.189027,116499.995
2025-07-25 11:52:33.986160,116502.575
2025-07-25 12:00:06.589240,116534.125
2025-07-25 12:54:52.212946,116163.475
2025-07-25 13:31:28.305154,115989.11
2025-07-25 13:55:01.636505,115984.975
2025-07-25 14:13:19.487737,115744.065
2025-07-25 14:37:31.429334,115516.575
2025-07-25 14:52:08.601579,115112.215
2025-07-25 14:59:58.382173,114972.705
2025-07-25 15:28:25.871124,115620.205
2025-07-25 15:45:42.150477,115408.285
2025-07-25 15:56:06.639707,115813.87
2025-07-25 16:20:15.594801,115691.875
2025-07-25 16:46:46.466041,115940.76
2025-07-25 17:00:47.777287,116221.925
2025-07-25 17:27:34.204070,116224.675
2025-07-25 17:45:25.106655,116242.745
2025-07-25 17:53:26.865700,116136.095
2025-07-25 18:14:02.886636,116412.1
2025-07-25 18:47:05.625372,116493.105
2025-07-25 19:00:39.097001,116497.235
2025-07-25 19:23:15.131975,116636.805
2025-07-25 19:34:42.571168,116807.245
2025-07-25 19:44:41.118965,116973.375
2025-07-25 19:52:54.928311,116924.175
2025-07-25 20:00:32.752641,116717.415
2025-07-25 20:30:01.480776,116735.615
2025-07-25 20:46:36.123675,117314.435
2025-07-25 20:56:31.039979,117116.955
2025-07-25 21:16:20.124067,117314.065
2025-07-25 21:33:44.519301,117165.095
2025-07-25 21:46:02.583400,117062.675
2025-07-25 21:53:45.352423,117203.385
2025-07-25 22:10:11.372371,117243.205
2025-07-25 22:34:55.069840,117281.175
2025-07-25 22:50:47.608385,117303.715
2025-07-25 22:58:35.666842,117305.095
2025-07-25 23:21:46.827315,117380.475
2025-07-25 23:37:28.953004,117448.675
2025-07-25 23:48:50.822048,117612.575
2025-07-25 23:56:34.674913,117633.025
2025-07-26 01:22:02.670420,117543.065
2025-07-26 03:03:08.935960,117601.305
2025-07-26 04:02:18.765289,117511.165
2025-07-26 04:42:02.171957,117526.865
2025-07-26 05:01:46.351803,117547.385
2025-07-26 05:30:27.991933,117592.885
2025-07-26 05:48:37.396216,117510.075
2025-07-26 05:56:45.443725,117487.995
2025-07-26 06:24:41.838993,117382.16
2025-07-26 06:50:25.961608,117444.255
2025-07-26 07:01:21.877532,117406.825
2025-07-26 07:26:47.679050,117389.805
2025-07-26 07:39:29.468591,117365.485
2025-07-26 07:47:57.316843,117423.385
2025-07-26 07:55:43.173732,117392.055
2025-07-26 08:18:40.692407,117442.62
2025-07-26 08:43:04.639960,117537.315
2025-07-26 08:56:27.874460,117580.545
2025-07-26 09:16:30.615249,117600.055
2025-07-26 09:34:31.775860,117498.745
2025-07-26 09:46:33.195606,117586.825
2025-07-26 09:54:24.229338,117628.735
2025-07-26 10:11:47.278475,117631.985
2025-07-26 10:36:38.171356,117871.755
2025-07-26 10:50:28.999694,118016.445
2025-07-26 10:58:19.005750,118041.055
2025-07-26 11:17:40.899509,118080.165
2025-07-26 11:31:15.646729,117949.605
2025-07-26 11:43:01.915830,117876.98
2025-07-26 11:51:00.468050,117889.105
2025-07-26 11:58:53.088965,117856.545
2025-07-26 12:43:41.121480,117990.775
2025-07-26 13:19:04.729043,118228.875
2025-07-26 13:45:14.592018,118270.195
2025-07-26 13:55:25.723319,118192.89
2025-07-26 14:12:47.543891,118238.075
2025-07-26 14:34:23.881507,118121.105
2025-07-26 14:47:49.259184,118197.905
2025-07-26 14:55:41.113318,118128.125
2025-07-26 15:14:10.964291,117990.025
2025-07-26 15:34:52.638120,117993.745
2025-07-26 15:48:52.562358,117999.105
2025-07-26 15:58:25.963360,118191.43
2025-07-26 16:25:33.421530,118212.485
2025-07-26 16:47:16.334714,118097.095
2025-07-26 16:58:27.594123,118116.275
2025-07-26 17:20:11.484229,118075.695
2025-07-26 17:39:50.034344,118076.855
2025-07-26 17:50:34.254622,118062.515
2025-07-26 17:58:30.089865,118098.475
2025-07-26 18:29:42.049625,118114.735
2025-07-26 18:52:41.400101,118145.885
2025-07-26 19:03:18.323367,118152.545
2025-07-26 19:22:59.778576,118133.555
2025-07-26 19:31:52.708236,118155.085
2025-07-26 19:43:10.669385,118172.18
2025-07-26 19:51:00.255404,118315.345
2025-07-26 19:58:34.559937,118273.525
2025-07-26 20:23:07.442922,118109.945
2025-07-26 20:39:34.776305,118024.615
2025-07-26 20:50:46.997112,117990.625
2025-07-26 20:58:26.487062,118046.135
2025-07-26 21:19:32.959894,117994.955
2025-07-26 21:34:15.396445,118026.975
2025-07-26 21:46:02.841262,118006.235
2025-07-26 21:53:51.120143,118100.725
2025-07-26 22:09:56.966407,118146.715
2025-07-26 22:33:58.213228,118061.735
2025-07-26 22:48:31.440987,118103.355
2025-07-26 22:56:08.873116,118129.295
2025-07-26 23:15:42.437217,118035.005
2025-07-26 23:32:53.839124,117966.785
2025-07-26 23:45:45.974326,117939.835
2025-07-26 23:53:39.858207,117945.055
2025-07-27 00:58:14.097509,117965.955
2025-07-27 03:07:20.295200,118181.415
2025-07-27 04:12:52.647310,118207.515
2025-07-27 04:54:36.348962,118237.015
2025-07-27 05:19:08.889668,118242.225
2025-07-27 05:44:55.164660,118329.235
2025-07-27 05:56:05.439416,118294.835
2025-07-27 06:23:03.804905,118372.815
2025-07-27 06:49:32.890188,118366.565
2025-07-27 07:01:11.630301,118320.775
2025-07-27 07:26:02.562602,118204.295
2025-07-27 07:38:25.198082,118202.195
2025-07-27 07:47:53.994606,118202.195
2025-07-27 07:55:37.395080,118123.395
2025-07-27 08:18:30.486616,118101.495
2025-07-27 08:42:44.623237,118082.605
2025-07-27 08:56:01.660196,117999.995
2025-07-27 09:15:53.147104,117993.465
2025-07-27 09:35:22.119058,117900.075
2025-07-27 09:48:46.072866,117906.005
2025-07-27 09:56:09.180113,117894.195
2025-07-27 10:16:32.973733,118221.175
2025-07-27 10:41:21.521411,118259.205
2025-07-27 10:53:12.799576,118342.375
2025-07-27 11:07:20.303230,118283.975
2025-07-27 11:25:33.179423,118245.295
2025-07-27 11:36:47.868896,118239.155
2025-07-27 11:45:14.922214,118202.195
2025-07-27 11:53:07.515405,118115.935
2025-07-27 12:15:22.887709,118143.625
2025-07-27 13:01:06.689519,118205.135
2025-07-27 13:36:32.132517,118202.685
2025-07-27 13:50:35.211139,118219.555
2025-07-27 13:58:10.857571,118259.665
2025-07-27 14:18:20.004159,118430.865
2025-07-27 14:38:05.650249,118407.785
2025-07-27 14:49:13.178321,118319.925
2025-07-27 14:57:00.674795,118456.97
2025-07-27 15:17:36.276036,118412.115
2025-07-27 15:35:52.151141,118409.845
2025-07-27 15:47:26.538075,118479.565
2025-07-27 15:55:35.360381,118585.47
2025-07-27 16:16:51.996439,119216.315
2025-07-27 16:43:04.558200,119523.115
2025-07-27 16:56:09.725966,119138.055
2025-07-27 17:13:51.762811,119122.485
2025-07-27 17:35:02.577579,119203.135
2025-07-27 17:47:56.097139,119182.995
2025-07-27 17:55:58.658906,119239.715
2025-07-27 18:20:35.062088,119237.495
2025-07-27 18:46:45.631386,119097.965
2025-07-27 18:59:49.648364,119072.215
2025-07-27 19:21:14.317979,118946.185
2025-07-27 19:31:37.056841,119027.325
2025-07-27 19:42:44.759992,119040.565
2025-07-27 19:50:36.890398,119038.785
2025-07-27 19:58:29.472019,118994.465
2025-07-27 20:23:37.394995,119078.295
2025-07-27 20:40:26.305764,118958.405
2025-07-27 20:52:05.671114,118921.965
2025-07-27 20:59:40.899351,118788.115
2025-07-27 21:23:05.096006,118860.285
2025-07-27 21:37:16.558007,119084.795
2025-07-27 21:46:58.772625,119184.175
2025-07-27 21:54:42.248730,119280.005
2025-07-27 22:12:28.162970,119725.125
2025-07-27 22:35:20.186890,119734.935
2025-07-27 22:50:24.426139,119765.755
2025-07-27 22:58:04.317272,119577.005
2025-07-27 23:20:23.407941,119454.205
2025-07-27 23:38:04.947056,119416.605
2025-07-27 23:49:43.906568,119395.68
2025-07-27 23:57:32.998750,119457.855
2025-07-28 01:49:14.934831,119044.065
2025-07-28 03:28:03.654171,119296.015
2025-07-28 04:30:13.911489,119178.885
2025-07-28 05:03:55.271861,119206.455
2025-07-28 05:38:36.645522,119414.675
2025-07-28 05:56:08.165961,119675.185
2025-07-28 06:26:51.997383,119526.395
2025-07-28 06:57:19.900386,119493.375
2025-07-28 07:24:11.236954,119034.155
2025-07-28 07:44:22.275530,118940.925
2025-07-28 07:55:05.155321,118942.795
2025-07-28 08:20:48.037275,118926.005
2025-07-28 08:49:04.211723,118917.715
2025-07-28 09:14:30.852802,118943.285
2025-07-28 09:43:26.745349,118738.905
2025-07-28 09:56:24.384075,119014.445
2025-07-28 10:19:02.594323,118862.695
2025-07-28 10:45:30.560590,118678.945
2025-07-28 10:58:30.748874,118771.475
2025-07-28 11:19:00.554705,118640.065
2025-07-28 11:34:25.140153,118505.015
2025-07-28 11:46:02.151693,118714.195
2025-07-28 11:53:53.116949,118800.005
2025-07-28 12:21:56.686003,119033.915
2025-07-28 13:09:40.381657,118848.455
2025-07-28 13:50:35.670056,118411.835
2025-07-28 14:11:02.560553,118481.765
2025-07-28 14:39:57.521127,118147.83
2025-07-28 14:56:07.764500,118145.325
2025-07-28 15:18:16.244755,118260.55
2025-07-28 15:41:37.659858,118214.365
2025-07-28 15:54:57.493931,118167.485
2025-07-28 16:18:01.780157,118151.11
2025-07-28 16:48:43.530472,118325.065
2025-07-28 17:10:50.879281,117948.755
2025-07-28 17:35:47.527319,117934.295
2025-07-28 17:50:07.933436,117745.585
2025-07-28 17:57:52.858957,117713.525
2025-07-28 18:31:47.826530,117512.825
2025-07-28 18:56:57.385494,117788.475
2025-07-28 19:17:19.319530,118178.64
2025-07-28 19:32:25.370473,117971.185
2025-07-28 19:43:53.263605,117838.59
2025-07-28 19:51:58.561465,117629.305
2025-07-28 19:59:36.769400,118021.755
2025-07-28 20:29:08.630235,117570.585
2025-07-28 20:47:20.367398,117958.485
2025-07-28 20:57:50.626823,118034.395
2025-07-28 21:19:08.352735,118111.765
2025-07-28 21:35:02.702983,118032.455
2025-07-28 21:47:07.721692,118336.92
2025-07-28 21:54:57.752519,118039.235
2025-07-28 22:13:33.842420,118099.335
2025-07-28 22:41:10.373604,117968.955
2025-07-28 22:56:01.333553,117873.155
2025-07-28 23:16:31.497287,117980.84
2025-07-28 23:37:37.793562,118087.495
2025-07-28 23:51:58.131446,118088.09
2025-07-28 23:59:47.118528,118030.335
2025-07-29 02:25:10.586631,117643.975
2025-07-29 03:56:28.743228,118716.275
2025-07-29 04:43:57.975914,118546.355
2025-07-29 05:17:22.653366,118552.305
2025-07-29 05:47:08.843752,118796.605
2025-07-29 05:59:25.244698,118763.825
2025-07-29 06:37:48.744139,118976.175
2025-07-29 07:00:23.192088,118747.405
2025-07-29 07:30:00.708203,118816.715
2025-07-29 07:46:38.552581,119143.09
2025-07-29 07:55:47.963110,118988.585
2025-07-29 08:21:36.736144,119044.165
2025-07-29 08:48:10.511129,118990.425
2025-07-29 09:13:10.430387,118882.885
2025-07-29 09:41:32.749701,118805.945
2025-07-29 09:55:48.219157,118801.365
2025-07-29 10:17:01.867729,118694.945
2025-07-29 10:44:16.792893,118518.335
2025-07-29 10:57:22.500025,118452.825
2025-07-29 11:17:02.744509,118459.945
2025-07-29 11:32:41.748221,118529.895
2025-07-29 11:45:24.273906,118444.505
2025-07-29 11:53:12.351629,118513.555
2025-07-29 12:18:37.908648,118568.39
2025-07-29 13:09:23.232841,118774.725
2025-07-29 13:51:17.940417,118643.495
2025-07-29 14:13:03.289019,118158.02
2025-07-29 14:43:47.042499,118283.655
2025-07-29 14:59:28.279991,117773.775
2025-07-29 15:29:09.104387,117540.895
2025-07-29 15:48:56.503630,117509.765
2025-07-29 15:59:49.997081,117409.135
2025-07-29 16:33:05.836681,117278.495
2025-07-29 16:56:49.534422,117652.415
2025-07-29 17:19:28.001647,117760.185
2025-07-29 17:43:09.554156,117800.77
2025-07-29 17:55:06.245064,117706.505
